category,n_options,options,why_flagged,decision
Age (0-20+years),6,0-4 years; 5-9 years; 10-14 years; 15-19 years; 20+ years; Unknown age,ALL options shared with other categories (overlapping-banding design),
Age (0-9 years),2,0-4 years; 5-9 years,ALL options shared with other categories (overlapping-banding design),
Age (0 months-17 years),6,0-11 months; 1-4 years_BUR; 5-9 years; 10-14 years; 15-17 years; Unknown age,ALL options shared with other categories (overlapping-banding design),
Age (0 months-9 years),4,0-11 months; 1-4 years_BUR; 5-9 years; Unknown age,ALL options shared with other categories (overlapping-banding design),
Age (10-19 years)(2),2,10-14 years; 15-19 years,ALL options shared with other categories (overlapping-banding design),
Age (10-20+years),4,10-14 years; 15-19 years; 20+ years; Unknown age,ALL options shared with other categories (overlapping-banding design),
Age (10-50+years),7,10-14 years; 15-19 years; 20-24 years; 25-29 years; 30-49 years; 50+ years; Unknown age,ALL options shared with other categories (overlapping-banding design),
Age (10-70+years),8,10-14 years; 15-19 years; 20-39 years; 40-49 years; 50-59 years; 60-69 years; 70+ years; Unknown age,ALL options shared with other categories (overlapping-banding design),
Age (1-20+years),6,1-4 years_BUR; 5-9 years; 10-14 years; 15-19 years; 20+ years; Unknown age,ALL options shared with other categories (overlapping-banding design),
Age (15-49 years),3,15-19 years; 20-49 years; Unknown age,ALL options shared with other categories (overlapping-banding design),
Age (15-50+years),4,15-19 years; 20-49 years; 50+ years; Unknown age,ALL options shared with other categories (overlapping-banding design),
Age (15-70+years),7,15-19 years; 20-39 years; 40-49 years; 50-59 years; 60-69 years; 70+ years; Unknown age,ALL options shared with other categories (overlapping-banding design),
Age (<15 years),4,0-4 years; 5-9 years; 10-14 years; Unknown age,ALL options shared with other categories (overlapping-banding design),
Age (20-70+years),6,20-39 years; 40-49 years; 50-59 years; 60-69 years; 70+ years; Unknown age,ALL options shared with other categories (overlapping-banding design),
Age (40-70+years),5,40-49 years; 50-59 years; 60-69 years; 70+ years; Unknown age,ALL options shared with other categories (overlapping-banding design),
Age (40-80+years),6,40-49 years; 50-59 years; 60-69 years; 70-79 years; 80+ years; Unknown age,ALL options shared with other categories (overlapping-banding design),
Age (<5 years),2,0-11 months; 1-4 years_BUR,ALL options shared with other categories (overlapping-banding design),
Age (HIV),2,0-14 years; 15+ years,ALL options shared with other categories (overlapping-banding design),
Age (malaria),3,0-4 years; 5-14 years; 15+ years,ALL options shared with other categories (overlapping-banding design),
Age (reproductive and maternal),3,10-14 years; 15-19 years; 20+ years,ALL options shared with other categories (overlapping-banding design),
Age (surveillance),2,0-4 years; 5+ years,ALL options shared with other categories (overlapping-banding design),
Age (TB),9,0-4 years; 5-14 years; 15-24 years_BUR; 25-34 years; 35-44 years; 45-54 years; 55-64 years; 65+ yrs; Unknown age,ALL options shared with other categories (overlapping-banding design),
Age (TB legacy),11,0-4 years; 5-14 years; 0-14 years; 15-24 years_BUR; 25-34 years; 35-44 years; 45-54 years; 55-64 years; 65+ yrs; Unknown age; 15+ years,overlapping ranges (double-counts on totals): '0-4 years'∩'0-14 years'; '0-14 years'∩'5-14 years'; '15-24 years_BUR'∩'15+ years' | ALL options shared with other categories (overlapping-banding design),
Age (under/over 5 years),2,0-4 years; 5+ years,ALL options shared with other categories (overlapping-banding design),
BCU - Age,2,12 -23 months; 24 - 59 months,ALL options shared with other categories (overlapping-banding design),
Cervical cancer age,5,15-19 years; 20-24 years; 25-29 years; 30-49 years; 50+ years,ALL options shared with other categories (overlapping-banding design),
Chest problems,3,Fast breathing; Chest indrawing; Both,total-like option(s): Both (sums option + total twice),
Culture results (cases),2,MTB; NTM,ALL options shared with other categories (overlapping-banding design),
DELETE_NTD age groups,8,0-1 years; 1-4 years_BUR; 5-9 years; 10-14 years; 15-49 years; 50-59 years; 60+ years; Unknown age,overlapping ranges (double-counts on totals): '0-1 years'∩'1-4 years_BUR',
Diarrhoea treatment,3,ORS; Zinc; Both,total-like option(s): Both (sums option + total twice),
DSD ART models age,4,0-4 years; 5-14 years; 15-24 years_BUR; 25+ years,ALL options shared with other categories (overlapping-banding design),
Gender,3,Female; Male; Other,ALL options shared with other categories (overlapping-banding design),
HIV Results,3,Positive; Negative; Indeterminate,ALL options shared with other categories (overlapping-banding design),
HTS/STI/PLHIV Age,6,0-14 years; 15-19 years; 20-24 years; 25-29 years; 30-49 years; 50+ years,ALL options shared with other categories (overlapping-banding design),
Importance vaccines,4,Not at all important; A little important; Moderately important; Very important,total-like option(s): Not at all important (sums option + total twice),
Improved toilets,4,Flush connected to sewers; Flush with septic tanks or pits; Ventilated improved pit latrines; Pit latrines,ALL options shared with other categories (overlapping-banding design),
Improved water source,6,Piped water; Boreholes or tubewells; Protected dug wells; Protected springs; Rainwater; Packaged or delivered water,ALL options shared with other categories (overlapping-banding design),
Malaria IPT Dose,5,Dose 0; Dose 1; Dose 2; Dose 3; Dose 4,ALL options shared with other categories (overlapping-banding design),
OPV Dose,5,Dose 0; Dose 1; Dose 2; Dose 3; Dose 4,ALL options shared with other categories (overlapping-banding design),
Payment vacci,4,Not at all easy; A little easy; Moderately easy; Very easy,total-like option(s): Not at all easy (sums option + total twice),
PEP/OAMT/PrEP Age,4,15-19 years; 20-24 years; 25-49 years_BUR; 50+ years,ALL options shared with other categories (overlapping-banding design),
Pregnant women/others,2,Pregnant; Other,ALL options shared with other categories (overlapping-banding design),
Results (PosNeg),2,Positive; Negative,ALL options shared with other categories (overlapping-banding design),
Sex,2,Male; Female,ALL options shared with other categories (overlapping-banding design),
Sex (m/f),2,Female; Male,ALL options shared with other categories (overlapping-banding design),
Sex (Other/Unk),4,Male; Female; Other; Unknown Sex,ALL options shared with other categories (overlapping-banding design),
Sex (with unknown),3,Male; Female; Unknown Sex,ALL options shared with other categories (overlapping-banding design),
SIA - Distance from HF,3,0-5 km; 6-15 km; 15+ km,overlapping ranges (double-counts on totals): '6-15 km'∩'15+ km',
SIA - DTP Age groups,3,12 -23 months; 24 - 59 months; 5-14 years,ALL options shared with other categories (overlapping-banding design),
STI - Sex,3,Male; Female; Not specified or other,ALL options shared with other categories (overlapping-banding design),
Suspected/confirmed,2,Suspected_BUR; Confirmed_BUR,ALL options shared with other categories (overlapping-banding design),
TB - Age,11,0-4 years; 5-9 years; 10-14 years; 15-19 years; 20-24 years; 25-34 years; 35-44 years; 45-54 years; 55-64 years; 65+ yrs; Unknown age,ALL options shared with other categories (overlapping-banding design),
TPT age,2,0-14 years; 15+ years,ALL options shared with other categories (overlapping-banding design),
Vaccination service satisfaction,4,Not at all satisfied; A little satisfied; Moderately satisfied; Very satisfied,total-like option(s): Not at all satisfied (sums option + total twice),
Vaccine intention,3,None of the vaccines; Some of the vaccines; All of the vaccines,total-like option(s): All of the vaccines (sums option + total twice),
Vaccine safety,4,Not at all safe; A little safe; Moderately safe; Very safe,total-like option(s): Not at all safe (sums option + total twice),
VMMC/PLHIV in cohort Age,7,0-4 years; 5-9 years; 10-14 years; 15-19 years; 20-24 years; 25-49 years_BUR; 50+ years,ALL options shared with other categories (overlapping-banding design),
Water test results,2,Positive; Negative,ALL options shared with other categories (overlapping-banding design),
Willingness vaccine,3,None; Some; All,total-like option(s): All (sums option + total twice),
Xpert results (cases),2,MTB detected; MTB not detected,ALL options shared with other categories (overlapping-banding design),
